block_key,store_name
cms-block--2,DE
cms-block--2,AT
cms-block--2,US
cms-block--1,DE
cms-block--1,AT
cms-block--1,US
cms-block--3,DE
cms-block--3,AT
cms-block--3,US
cms-block--4,DE
cms-block--4,AT
cms-block--4,US
cms-block--5,DE
cms-block--5,AT
cms-block--5,US
cms-block--6,DE
cms-block--6,AT
cms-block--6,US
cms-block--7,DE
cms-block--7,AT
cms-block--7,US
cms-block--8,DE
cms-block--8,AT
cms-block--8,US
cms-block--9,DE
cms-block--9,AT
cms-block--9,US
cms-block--10,DE
cms-block--10,AT
cms-block--10,US
cms-block--11,DE
cms-block--11,AT
cms-block--11,US
cms-block--12,DE
cms-block--12,AT
cms-block--12,US
cms-block--13,DE
cms-block--13,AT
cms-block--13,US
cms-block--31,DE
cms-block--31,AT
cms-block--31,US